"id","EmployeeId","CompanyId","createdAt","updatedAt"
2,27,18,"2021-12-22 19:21:34.542+05","2021-12-22 19:21:34.542+05"
4,32,18,"2021-12-23 11:20:09.424+05","2021-12-23 11:20:09.424+05"
5,32,24,"2021-12-23 13:59:52.339+05","2021-12-23 13:59:52.339+05"
6,34,18,"2022-01-07 10:37:59.629+05","2022-01-07 10:37:59.629+05"
7,35,18,"2022-01-07 10:38:33.723+05","2022-01-07 10:38:33.723+05"
8,36,18,"2022-01-07 10:39:17.518+05","2022-01-07 10:39:17.518+05"
9,37,18,"2022-01-09 05:11:29.702+05","2022-01-09 05:11:29.702+05"
10,,18,"2022-01-10 02:36:57.098+05","2022-01-10 02:36:57.098+05"
11,41,18,"2022-01-10 02:41:35.217+05","2022-01-10 02:41:35.217+05"
3,27,24,"2021-12-22 19:23:15.611+05","2021-12-22 19:23:15.611+05"
12,42,18,"2022-01-10 14:50:22.885+05","2022-01-10 14:50:22.885+05"
13,,18,"2022-01-10 14:53:05.589+05","2022-01-10 14:53:05.589+05"
14,44,18,"2022-01-10 22:31:42.912+05","2022-01-10 22:31:42.912+05"
15,45,18,"2022-01-14 15:24:23.747+05","2022-01-14 15:24:23.747+05"
16,46,18,"2022-01-17 15:02:00.466+05","2022-01-17 15:02:00.466+05"
17,,18,"2022-01-17 15:18:49.372+05","2022-01-17 15:18:49.372+05"
18,48,18,"2022-01-17 15:21:24.855+05","2022-01-17 15:21:24.855+05"
19,,18,"2022-01-17 16:47:25.919+05","2022-01-17 16:47:25.919+05"
20,50,18,"2022-01-17 16:49:02.733+05","2022-01-17 16:49:02.733+05"
